name,episodes,workEthic,dates,laziness,drama,whoability,Season,description,image
Minori,24,3,4,5,6,0,ITC,TBC,https://i.redd.it/ro4wip0cjhi11.jpg
Tecchan,98,4,6,4,2,0,ND,TBC,https://i.redd.it/et4zss9jbjn21.jpg
Dyki,45,7,5,3,0,0,ND,TBC,https://i.redd.it/1n6pcbw1d7y11.png
Ami Komuro,17,,,,,,OND,,
Yuudai Arai,9,,,,,,OND,,
Mizuki Haruta,9,,,,,,OND,,
Takayuki Nakamura,34,,,,,,OND,,
Tsubasa Sato,21,,,,,,OND,,
Shion Okamoto,21,,,,,,OND,,
Shohei Uemura,22,,,,,,OND,,
Seina Shimabukuro,25,,,,,,OND,,
Mayu Koseta,10,,,,,,OND,,
Yui Tanaka,28,7,4,3,10,0,OND,,
Noah Ishikura,13,,,,,,OND,,
Aya Matarai,13,2,1,0,0,0,OND,,
Shunsuke Ikezoe,7,7,1,3,0,3,OND,,
Kaito Nakata,15,2,4,0,0,0,OND,,
Maya Kisanuki,15,1,2,0,0,0,OND,,
Sota Kono,8,8,2,2,3,4,OND,,
Aio Fukuda,19,0,0,0,0,0,OND,,
Risako Tanigawa,12,,2,,,,OND,,
Masao Wada,8,,,,,,OND,,
Kaori Watanabe,20,,,,,,19/20,,
Shohei Matsuzaki,18,,,,,,19/21,,
Haruka Okuyama,25,,,,,,19/22,,
Kenji Yoshihara,14,,,,,,19/23,,
Risako Tanabe,14,,,,,,19/24,,
Ruka Nishinoiri,25,,,,,,19/25,,
Emika Mizukoshi,21,,,,,,19/26,,
Giuseppe Durato,13,,,,,,19/27,,
Ryo Tawatari,15,,,,,,19/28,,
Hana Kimura,23,,,,,,19/29,,
Violetta Razdumina,17,,,,,,19/30,,
Kai Kobayashi,14,,,,,,19/31,,
John Kimverlu Tupas,9,,,,,,19/32,,
Toshiyuki Niino,10,,,,,,19/33,,
Yume Hayashi,9,,,,,,19/34,,
Shion Suzuki,9,,,,,,19/35,,
Reo Kanao,4,,,,,,19/36,,
Monroe Ron,1,,,,,,19/37,,